id	component	genus_renamed
GCF_000006605.1	1	Corynebacterium
GCF_000006985.1	8	Chlorobium
GCF_000007085.1	3	Caldanaerobacter
GCF_000007425.1	5	Streptococcus
GCF_000007465.2	10	Streptococcus
GCF_000007585.1	3	Porphyromonas
GCF_000007625.1	6	Clostridium
GCF_000007705.1	10	Chromobacterium
GCF_000007745.1	3	Invalid_Mannheimia
GCF_000007985.2	1	Geobacter
GCF_000008185.1	5	Treponema
GCF_000008325.1	8	Methylococcus
GCF_000008625.1	3	Aquifex
GCF_000009145.1	3	Nitrosomonas
GCF_000009765.2	1	Streptomyces
GCF_000009805.1	1	Nocardia
GCF_000009825.1	2	Bacillus
GCF_000009905.1	8	Symbiobacterium
GCF_000010045.1	6	Desulfitobacterium
GCF_000010105.1	4	Rhodococcus
GCF_000010165.1	4	Brevibacillus
GCF_000010185.1	9	Finegoldia
GCF_000010265.1	2	Clostridium
GCF_000010425.1	2	Bifidobacterium
GCF_000010605.1	1	Streptomyces
GCF_000010625.1	2	Microcystis
GCF_000010665.1	10	Desulfovibrio
GCF_000010785.1	6	Hydrogenobacter
GCF_000010805.1	4	Rhodococcus
GCF_000010845.1	1	Acetobacter
GCF_000010905.1	1	Acetobacter
GCF_000010945.1	1	Acetobacter
GCF_000010985.1	6	Deferribacter
GCF_000011025.1	2	Rothia
GCF_000011145.1	3	Bacillus
GCF_000012405.1	8	Thermobifida
GCF_000012485.1	2	Pelodictyon
GCF_000012585.1	2	Chlorobium
GCF_000012665.1	1	Desulfovibrio
GCF_000012725.1	2	Nitrobacter
GCF_000012845.1	2	Parabacteroides
GCF_000012865.1	3	Carboxydothermus
GCF_000012885.1	1	Pelobacter
GCF_000012925.1	2	Geobacter
GCF_000012985.1	2	Hahella
GCF_000013085.1	8	Rhodospirillum
GCF_000013105.1	2	Moorella
GCF_000013345.1	8	Frankia
GCF_000013405.1	3	Syntrophus
GCF_000013605.1	2	Rhodoferax
GCF_000013705.1	2	Methylobacillus
GCF_000013785.1	2	Pseudomonas
GCF_000013945.1	1	Leptospira
GCF_000014185.1	3	Rubrobacter
GCF_000014205.1	5	Streptococcus
GCF_000014405.1	1	Lactobacillus
GCF_000014565.1	4	Rhodococcus
GCF_000014725.1	3	Syntrophomonas
GCF_000014765.1	3	Nitrosomonas
GCF_000014785.1	1	Alkalilimnicola
GCF_000014865.1	2	Magnetococcus
GCF_000014965.1	8	Syntrophobacter
GCF_000015025.1	2	Acidothermus
GCF_000015045.1	1	Pelobacter
GCF_000015125.1	3	Chlorobium
GCF_000015285.1	9	Psychromonas
GCF_000015485.1	2	Desulfovibrio
GCF_000015565.1	7	Verminephrobacter
GCF_000015585.1	3	Halorhodospira
GCF_000015865.1	3	Hungateiclostridium
GCF_000016085.1	2	Chlorobium
GCF_000016165.1	2	Desulfotomaculum
GCF_000016185.1	8	Rhodospirillum
GCF_000016425.1	6	Salinispora
GCF_000016505.1	2	Clostridium
GCF_000016545.1	3	Caldicellulosiruptor
GCF_000016565.1	1	Pseudomonas
GCF_000016725.1	1	Acidiphilium
GCF_000016745.1	1	Geobacter
GCF_000016785.1	3	Thermotoga
GCF_000016905.1	3	Thermosipho
GCF_000016985.1	2	Alkaliphilus
GCF_000017005.1	5	Streptococcus
GCF_000017245.1	2	Actinobacillus
GCF_000017305.1	4	Kineococcus
GCF_000017465.2	6	Campylobacter
GCF_000017545.1	3	Fervidobacterium
GCF_000017665.1	1	Cronobacter
GCF_000017725.2	6	Campylobacter
GCF_000017805.1	3	Roseiflexus
GCF_000017845.1	3	Crocosphaera
GCF_000017865.1	3	Pseudothermotoga
GCF_000017965.1	2	Lysinibacillus
GCF_000018145.1	8	Dinoroseobacter
GCF_000018265.1	1	Salinispora
GCF_000018405.1	8	Desulfococcus
GCF_000018425.1	3	Candidatus_Desulforudis
GCF_000018605.1	6	Petrotoga
GCF_000018865.1	3	Chloroflexus
GCF_000018945.1	3	Thermotoga
GCF_000019045.1	6	Anoxybacillus
GCF_000019085.1	3	Thermoanaerobacter
GCF_000019165.1	8	Heliobacterium
GCF_000019225.1	2	Cellvibrio
GCF_000019785.1	2	Leptothrix
GCF_000019905.1	2	Exiguobacterium
GCF_000020025.1	2	Nostoc
GCF_000020365.1	2	Desulfobacterium
GCF_000020385.1	1	Geobacter
GCF_000020465.1	6	Chlorobium
GCF_000020485.1	3	Halothermothrix
GCF_000020505.1	3	Chlorobaculum
GCF_000020525.1	3	Chloroherpeton
GCF_000020545.1	8	Chlorobium
GCF_000020605.1	2	Invalid_Eubacterium
GCF_000020625.1	8	Prosthecochloris
GCF_000020645.1	3	Pelodictyon
GCF_000020965.1	3	Dictyoglomus
GCF_000020985.1	3	Thermodesulfovibrio
GCF_000021045.1	8	Azotobacter
GCF_000021285.1	3	Thermosipho
GCF_000021325.1	8	Gluconacetobacter
GCF_000021385.1	2	Desulfovibrio
GCF_000021545.1	3	Sulfurihydrogenibium
GCF_000021565.1	6	Persephonella
GCF_000021645.1	3	Dictyoglomus
GCF_000021685.1	3	Thermomicrobium
GCF_000021805.1	2	Rippkaea
GCF_000021825.1	8	Gloeothece
GCF_000021865.1	2	Rhodobacter
GCF_000021905.1	1	Desulfatibacillum
GCF_000021925.1	6	Desulfitobacterium
GCF_000021945.1	3	Chloroflexus
GCF_000021985.1	3	Thioalkalivibrio
GCF_000022065.1	2	Ruminiclostridium
GCF_000022085.1	8	Methylobacterium
GCF_000022125.1	1	Desulfovibrio
GCF_000022145.1	1	Anaeromyxobacter
GCF_000022185.1	3	Chloroflexus
GCF_000022265.1	2	Geobacter
GCF_000022325.1	3	Caldicellulosiruptor
GCF_000022565.1	2	Acidobacterium
GCF_000022905.1	1	Corynebacterium
GCF_000022985.1	2	Aggregatibacter
GCF_000023025.1	3	Teredinibacter
GCF_000023065.1	7	Tolumonas
GCF_000023105.1	4	Beutenbergia
GCF_000023245.1	4	Actinosynnema
GCF_000023265.1	1	Acidimicrobium
GCF_000023325.1	3	Kosmotoga
GCF_000023465.1	6	Zunongwangia
GCF_000023545.1	9	Dickeya
GCF_000023565.1	9	Dickeya
GCF_000023865.1	1	Saccharomonospora
GCF_000023905.1	3	Leptotrichia
GCF_000024025.1	1	Catenulispora
GCF_000024045.1	2	Rippkaea
GCF_000024165.1	8	Candidatus_Accumulibacter
GCF_000024205.1	3	Desulfofarcimen
GCF_000024245.1	10	Zymomonas
GCF_000024265.1	2	Eggerthella
GCF_000024285.1	3	Alicyclobacillus
GCF_000024345.1	4	Kribbella
GCF_000024365.1	1	Nakamurella
GCF_000024385.1	1	Thermomonospora
GCF_000024425.1	8	Meiothermus
GCF_000024445.1	2	Bifidobacterium
GCF_000024545.1	2	Stackebrandtia
GCF_000024605.1	3	Ammonifex
GCF_000024665.1	3	Fibrobacter
GCF_000024725.1	10	Nitrosococcus
GCF_000024765.1	2	Halothiobacillus
GCF_000024785.1	4	Gordonia
GCF_000024805.1	3	Haliangium
GCF_000024845.1	8	Rhodothermus
GCF_000024865.1	4	Streptosporangium
GCF_000024885.1	6	Sulfurospirillum
GCF_000024945.1	5	Veillonella
GCF_000024965.1	4	Xylanimonas
GCF_000024985.1	1	Sphaerobacter
GCF_000025005.1	8	Thermobaculum
GCF_000025085.1	5	Staphylococcus
GCF_000025105.1	3	Thermotoga
GCF_000025185.1	5	Pirellula
GCF_000025265.1	4	Conexibacter
GCF_000025305.1	2	Acidaminococcus
GCF_000025485.1	8	Allochromatium
GCF_000025605.1	3	Thermocrinis
GCF_000025645.1	3	Thermoanaerobacter
GCF_000025725.1	4	Denitrovibrio
GCF_000025885.1	2	Aminobacterium
GCF_000025925.1	4	Prevotella
GCF_000025965.1	2	Aromatoleum
GCF_000026225.1	1	Escherichia
GCF_000026485.1	5	Lactobacillus
GCF_000026985.1	9	Erwinia
GCF_000027065.2	1	Cronobacter
GCF_000027085.1	1	Citrobacter
GCF_000027145.1	6	Listeria
GCF_000027185.1	5	Streptococcus
GCF_000027205.1	1	Erwinia
GCF_000027225.1	1	Xenorhabdus
GCF_000027265.1	9	Erwinia
GCF_000055785.1	1	Chromohalobacter
GCF_000058485.1	1	Frankia
GCF_000062885.1	6	Saccharopolyspora
GCF_000067045.1	8	Gluconacetobacter
GCF_000067165.1	8	Sorangium
GCF_000069225.1	4	Clavibacter
GCF_000069945.1	1	Corynebacterium
GCF_000087965.2	10	Xanthomonas
GCF_000091305.1	4	Streptomyces
GCF_000091545.1	8	Thermus
GCF_000091565.1	1	Erwinia
GCF_000091765.1	1	Lactobacillus
GCF_000092105.1	2	Planctopirus
GCF_000092125.1	8	Meiothermus
GCF_000092205.1	7	Desulfurivibrio
GCF_000092225.1	4	Tsukamurella
GCF_000092365.1	1	Arcanobacterium
GCF_000092385.1	4	Streptomyces
GCF_000092405.1	3	Syntrophothermus
GCF_000092425.1	8	Truepera
GCF_000092565.1	2	Leptospira
GCF_000092645.1	1	Thermobispora
GCF_000092845.1	6	Brachyspira
GCF_000092905.1	3	Kyrpidia
GCF_000092945.1	3	Thermincola
GCF_000092965.1	3	Thermoanaerobacter
GCF_000092985.1	1	Nocardiopsis
GCF_000143085.1	9	Nitrosococcus
GCF_000143845.1	5	Olsenella
GCF_000143965.1	3	Desulfarculus
GCF_000143985.1	2	Sediminispirochaeta
GCF_000144645.1	3	Thermosediminibacter
GCF_000144695.1	2	Acetohalobium
GCF_000145035.1	4	Butyrivibrio
GCF_000145215.1	3	Caldicellulosiruptor
GCF_000145235.1	4	Micromonospora
GCF_000145615.1	3	Thermoanaerobacterium
GCF_000146065.2	3	Candidatus_Cloacimonas
GCF_000146185.1	4	Invalid_Eubacterium
GCF_000146505.1	3	Fibrobacter
GCF_000146875.3	4	Paenibacillus
GCF_000147055.1	10	Dickeya
GCF_000147075.1	2	Spirochaeta
GCF_000147335.1	3	Gloeothece
GCF_000147695.2	6	Thermoanaerobacter
GCF_000147715.2	3	Mesotoga
GCF_000147815.2	1	Streptomyces
GCF_000148465.1	1	Streptomyces
GCF_000152245.2	2	Eubacterium
GCF_000152825.2	2	Parvularcula
GCF_000153485.2	6	Psychroflexus
GCF_000154945.1	4	Streptomyces
GCF_000154965.1	4	Streptomyces
GCF_000159695.1	6	Finegoldia
GCF_000160975.1	4	Bacillus
GCF_000161455.1	2	Bacillus
GCF_000163875.1	1	Streptomyces
GCF_000163895.2	10	Filifactor
GCF_000164155.2	4	Rhodococcus
GCF_000164395.1	1	Komagataeibacter
GCF_000164675.2	2	Streptococcus
GCF_000164885.1	2	Ketogulonicigenium
GCF_000164905.1	6	Hydrogenobacter
GCF_000164985.3	4	Paenibacillus
GCF_000165485.1	4	Stigmatella
GCF_000165715.2	2	Rubinisphaera
GCF_000165795.1	8	Aminomonas
GCF_000166055.1	3	Rhodomicrobium
GCF_000166115.1	2	Desulfovibrio
GCF_000166195.2	6	Mucilaginibacter
GCF_000166335.1	6	Caldicellulosiruptor
GCF_000166355.1	3	Caldicellulosiruptor
GCF_000166415.1	6	Halanaerobium
GCF_000166695.1	3	Caldicellulosiruptor
GCF_000166775.1	3	Caldicellulosiruptor
GCF_000172155.1	3	Verrucomicrobium
GCF_000175295.2	3	Thermoanaerobacter
GCF_000176115.2	1	Streptomyces
GCF_000176855.2	2	Acidovorax
GCF_000177215.2	8	Desulfovibrio
GCF_000177535.2	1	Corynebacterium
GCF_000177635.2	7	Desulfurispirillum
GCF_000178115.2	2	Ethanoligenens
GCF_000178395.2	3	Parageobacillus
GCF_000179635.2	2	Ruminococcus
GCF_000182745.2	1	Komagataeibacter
GCF_000182875.1	5	Streptococcus
GCF_000183405.1	3	Calditerrivibrio
GCF_000183525.2	2	Invalid_Eubacterium
GCF_000183745.1	1	Oceanithermus
GCF_000183945.1	6	Listeria
GCF_000184345.1	2	Spirochaeta
GCF_000184925.1	3	Hungateiclostridium
GCF_000185805.1	3	Thermovibrio
GCF_000186225.1	2	Bacteroides
GCF_000186245.1	6	Nitratifractor
GCF_000186345.1	3	Isosphaera
GCF_000187005.1	1	Thermus
GCF_000189295.2	2	Desulfovibrio
GCF_000189775.2	3	Thermoanaerobacterium
GCF_000190535.1	6	Odoribacter
GCF_000190555.1	1	Deinococcus
GCF_000190635.1	3	Syntrophobotulus
GCF_000191785.1	2	Parascardovia
GCF_000192745.1	1	Polymorphum
GCF_000192865.1	7	Marinomonas
GCF_000193395.1	3	Prevotella
GCF_000193435.2	3	Caldicellulosiruptor
GCF_000194115.1	1	Lactobacillus
GCF_000194605.1	6	Fluviicola
GCF_000194765.1	5	Lactobacillus
GCF_000194785.1	5	Lactobacillus
GCF_000195275.1	5	Treponema
GCF_000195295.1	3	Desulfobacca
GCF_000195315.1	9	Coriobacterium
GCF_000195335.1	8	Marinithermus
GCF_000195755.1	2	Desulfovibrio
GCF_000195795.1	5	Listeria
GCF_000195835.2	5	Mycobacterium
GCF_000196155.1	9	Photorhabdus
GCF_000196255.1	9	Photobacterium
GCF_000196275.1	8	Deinococcus
GCF_000196295.1	2	Neisseria
GCF_000196475.1	9	Photorhabdus
GCF_000196675.1	4	Pseudonocardia
GCF_000196695.1	4	Rhodococcus
GCF_000196815.1	1	Nitrospira
GCF_000196835.1	1	Amycolatopsis
GCF_000199675.1	3	Anaerolinea
GCF_000203195.1	5	Streptococcus
GCF_000203835.1	4	Streptomyces
GCF_000204075.1	2	Trichormus
GCF_000204155.1	1	Verrucosispora
GCF_000208385.1	9	Sphaerochaeta
GCF_000208405.1	3	Selenomonas
GCF_000209675.1	7	Gallibacterium
GCF_000210055.1	5	Gordonibacter
GCF_000210095.1	2	Ruminococcus
GCF_000210155.1	1	Geobacter
GCF_000210375.1	3	Arthrospira
GCF_000212375.1	2	Porphyromonas
GCF_000212395.1	3	Thermodesulfobium
GCF_000212415.1	2	Treponema
GCF_000212695.1	1	Cellulomonas
GCF_000212735.1	3	Haliscomenobacter
GCF_000213235.1	3	Tepidanaerobacter
GCF_000213255.1	6	Mahella
GCF_000214275.2	9	Methylomicrobium
GCF_000214355.1	3	Treponema
GCF_000214375.1	4	Treponema
GCF_000214435.1	2	Desulfotomaculum
GCF_000214665.1	10	Methylomonas
GCF_000215085.1	3	Desulfotomaculum
GCF_000215665.1	8	Corynebacterium
GCF_000215705.1	2	Ramlibacter
GCF_000215975.1	3	Thermodesulfobacterium
GCF_000217795.1	3	Thermodesulfatator
GCF_000217815.1	3	Pseudothermotoga
GCF_000218545.1	4	Cellulomonas
GCF_000218625.1	3	Flexistipes
GCF_000218915.1	4	Paenibacillus
GCF_000219105.1	3	Myxococcus
GCF_000219725.1	2	Treponema
GCF_000219765.1	10	Streptococcus
GCF_000219875.1	3	Alicyclobacillus
GCF_000220705.2	1	Streptomyces
GCF_000220945.1	1	Amycolatopsis
GCF_000222485.1	4	Cyclobacterium
GCF_000224005.2	8	Marichromatium
GCF_000224745.1	3	Rhodothermus
GCF_000224985.1	3	Lactobacillus
GCF_000225325.1	9	Lactobacillus
GCF_000225345.1	2	Roseburia
GCF_000225955.1	8	Rhodospirillum
GCF_000226295.1	3	Chloracidobacterium
GCF_000227665.2	7	Thiomicrospira
GCF_000227685.2	7	Thioalkalivibrio
GCF_000227705.2	2	Thermobacillus
GCF_000227745.2	8	Thiocystis
GCF_000230275.1	5	Acidaminococcus
GCF_000230655.2	3	Thermotoga
GCF_000231055.2	4	Saccharomonospora
GCF_000231385.2	4	Desulfosporosinus
GCF_000233695.2	8	Desulfobacter
GCF_000233715.2	2	Desulfallas
GCF_000233775.1	3	Thermovirga
GCF_000233915.3	2	Pseudoxanthomonas
GCF_000235405.2	3	Fervidobacterium
GCF_000235585.1	3	Paenibacillus
GCF_000235605.1	2	Desulfosporosinus
GCF_000236685.1	2	Sphaerochaeta
GCF_000237085.1	3	Hungateiclostridium
GCF_000237305.1	4	Streptomyces
GCF_000237805.1	8	Jonquetella
GCF_000237825.1	2	Thermanaerovibrio
GCF_000238215.1	3	Tannerella
GCF_000240165.1	4	Streptomyces
GCF_000241815.1	3	Caldithrix
GCF_000241935.1	2	Corynebacterium
GCF_000242335.1	2	Prevotella
GCF_000242455.2	2	Singulisphaera
GCF_000242595.2	7	Spirochaeta
GCF_000242935.2	6	Opitutaceae
GCF_000243395.2	1	Saccharomonospora
GCF_000244895.1	2	Desulfosporosinus
GCF_000244955.1	4	Saccharomonospora
GCF_000244975.1	4	Saccharomonospora
GCF_000245355.1	1	Streptomyces
GCF_000246835.1	5	Streptococcus
GCF_000246855.1	6	Niastella
GCF_000247605.1	6	Acetobacterium
GCF_000247715.1	6	Gordonia
GCF_000248095.2	9	Lactobacillus
GCF_000250635.1	3	Saprospira
GCF_000250655.1	4	Paenibacillus
GCF_000250675.2	1	Nocardia
GCF_000252445.1	1	Deinococcus
GCF_000252955.1	1	Xenorhabdus
GCF_000252975.1	6	Listeria
GCF_000252995.1	1	Salmonella
GCF_000253275.1	2	Flavobacterium
GCF_000253375.1	5	Mycobacterium
GCF_000255115.2	2	Desulfosporosinus
GCF_000255135.1	3	Marinitoga
GCF_000255155.1	2	Corynebacterium
GCF_000255235.1	1	Corynebacterium
GCF_000255615.2	3	Hungateiclostridium
GCF_000258405.1	3	Ignavibacterium
GCF_000258535.2	4	Paenibacillus
GCF_000258725.1	6	Parageobacillus
GCF_000260925.1	9	Pectobacterium
GCF_000260965.1	7	Methylophaga
GCF_000261345.2	4	Streptomyces
GCF_000262305.1	1	Shimwellia
GCF_000262445.1	3	Thermoanaerobacter
GCF_000263215.1	1	Cronobacter
GCF_000264455.2	2	Tistrella
GCF_000264765.2	1	Edwardsiella
GCF_000265295.1	2	Sulfurospirillum
GCF_000265405.1	6	Belliella
GCF_000265505.1	3	Bernardetia
GCF_000266925.1	3	Acetomicrobium
GCF_000266945.1	8	Desulfomonile
GCF_000269985.1	1	Kitasatospora
GCF_000270145.1	5	Streptococcus
GCF_000270165.1	5	Streptococcus
GCF_000271445.1	9	Lactobacillus
GCF_000277715.1	6	Pseudopropionibacterium
GCF_000279145.1	6	Melioribacter
GCF_000280925.3	3	Myxococcus
GCF_000281175.1	3	Caldilinea
GCF_000282715.1	1	Amycolatopsis
GCF_000283415.2	6	Anoxybacillus
GCF_000283495.2	10	Megasphaera
GCF_000283635.1	5	Streptococcus
GCF_000283655.1	3	Azospirillum
GCF_000283715.1	1	Shigella
GCF_000284035.1	4	Nocardia
GCF_000284095.1	7	Selenomonas
GCF_000284115.1	2	Phycisphaera
GCF_000284255.1	1	Rubrivivax
GCF_000284295.1	4	Actinoplanes
GCF_000284335.1	6	Caldisericum
GCF_000284415.1	1	Pararhodospirillum
GCF_000294515.1	1	Nocardiopsis
GCF_000294535.1	9	Pectobacterium
GCF_000296715.2	4	Brevibacillus
GCF_000297075.2	9	Pseudomonas
GCF_000298115.2	9	Lactobacillus
GCF_000299355.1	6	Gottschalkia
GCF_000300005.1	7	Alcanivorax
GCF_000304215.1	1	Bifidobacterium
GCF_000305935.1	3	Thermacetogenium
GCF_000306675.2	1	Leptospira
GCF_000306785.1	4	Modestobacter
GCF_000306825.1	8	Corynebacterium
GCF_000307105.1	6	Desulfobacula
GCF_000307915.1	3	Arthrospira
GCF_000308235.1	7	Acinetobacter
GCF_000309885.1	8	Thermus
GCF_000309945.1	3	Oscillatoriales
GCF_000311765.1	1	Gluconobacter
GCF_000313175.2	1	Leptospira
GCF_000317105.1	3	Oscillatoria
GCF_000317145.1	2	Chamaesiphon
GCF_000317475.1	3	Oscillatoria
GCF_000317495.1	3	Crinalium
GCF_000317535.1	3	Cylindrospermum
GCF_000317575.1	3	Stanieria
GCF_000317675.1	3	Cyanobacterium
GCF_000317695.1	3	Anabaena
GCF_000318035.1	5	Lactobacillus
GCF_000321415.2	7	Thioalkalivibrio
GCF_000327045.1	3	Thioflavicoccus
GCF_000328545.1	3	Thermoanaerobacterium
GCF_000328625.1	6	Halobacteroides
GCF_000328705.1	1	Saccharothrix
GCF_000328765.2	3	Tepidanaerobacter
GCF_000328785.1	2	Mycobacterium
GCF_000328805.1	5	Mycobacterium
GCF_000328825.1	2	Mycobacterium
GCF_000328845.1	2	Mycobacterium
GCF_000331025.1	7	Desulfovibrio
GCF_000331735.1	3	Myxococcus
GCF_000331995.1	3	Thermoclostridium
GCF_000332235.1	5	Geminocystis
GCF_000338095.1	1	Corynebacterium
GCF_000340565.2	3	Nodularia
GCF_000340605.1	5	Treponema
GCF_000340645.1	5	Treponema
GCF_000340685.1	5	Treponema
GCF_000340705.1	5	Treponema
GCF_000340845.1	1	Streptomyces
GCF_000340885.1	6	Clostridium
GCF_000341395.1	2	Desulfocapsa
GCF_000347595.1	2	Bibersteinia
GCF_000347695.1	2	Bifidobacterium
GCF_000348585.1	2	Xanthomonas
GCF_000349325.1	1	Streptomyces
GCF_000349885.2	3	Thermoclostridium
GCF_000355675.1	2	Thalassolituus
GCF_000359525.1	1	Streptomyces
GCF_000365305.1	9	Dickeya
GCF_000365365.1	10	Dickeya
GCF_000365405.2	10	Dickeya
GCF_000367205.1	1	Cutibacterium
GCF_000376665.1	8	Meiothermus
GCF_000380335.1	8	Azotobacter
GCF_000380365.1	8	Azotobacter
GCF_000385925.1	10	Streptococcus
GCF_000385945.1	4	Streptomyces
GCF_000390265.1	3	Thermotoga
GCF_000400505.1	9	Dickeya
GCF_000400525.1	9	Dickeya
GCF_000400635.2	4	Amycolatopsis
GCF_000403665.1	4	Streptomyces
GCF_000406065.1	7	Dickeya
GCF_000406105.1	10	Dickeya
GCF_000406145.1	10	Dickeya
GCF_000406165.1	9	Dickeya
GCF_000406185.1	1	Dickeya
GCF_000406225.1	7	Dickeya
GCF_000406245.1	9	Dickeya
GCF_000406265.1	7	Dickeya
GCF_000406325.1	1	Dickeya
GCF_000418325.1	6	Sorangium
GCF_000418365.1	1	Corynebacterium
GCF_000439255.1	1	Salmonella
GCF_000441535.1	5	Streptococcus
GCF_000442595.1	1	Cycloclasticus
GCF_000444875.1	4	Streptomyces
GCF_000454025.1	1	Amycolatopsis
GCF_000454045.1	4	Rhodococcus
GCF_000454545.1	2	Xanthomonas
GCF_000463355.1	5	Streptococcus
GCF_000468495.1	7	Desulfovibrio
GCF_000470885.1	4	Rhodococcus
GCF_000473995.1	2	Clostridium
GCF_000477435.1	7	Candidatus_Symbiobacter
GCF_000484505.1	6	Clostridium
GCF_000484535.1	3	Gloeobacter
GCF_000494755.1	4	Actinoplanes
GCF_000497425.1	1	Streptomyces
GCF_000497445.1	4	Streptomyces
GCF_000503895.1	2	Hyphomicrobium
GCF_000504085.1	3	Pseudothermotoga
GCF_000504105.1	3	Pseudothermotoga
GCF_000504545.1	1	Cronobacter
GCF_000507245.1	2	Salinispira
GCF_000511305.1	4	Rhodococcus
GCF_000512735.1	3	Thermocrinis
GCF_000512915.1	3	Barnesiella
GCF_000513395.1	1	Erwinia
GCF_000513415.1	1	Erwinia
GCF_000517565.1	6	Desulfurella
GCF_000520135.2	1	Rhodovulum
GCF_000521305.1	5	Streptococcus
GCF_000521655.1	2	Mannheimia
GCF_000521685.1	2	Mannheimia
GCF_000521695.1	2	Mannheimia
GCF_000521725.1	2	Bibersteinia
GCF_000521745.1	2	Bibersteinia
GCF_000521765.1	2	Bibersteinia
GCF_000523235.1	1	Nocardia
GCF_000525635.1	4	Kutzneria
GCF_000550785.1	1	Corynebacterium
GCF_000550805.1	1	Corynebacterium
GCF_000568815.1	2	Sulfurospirillum
GCF_000576145.2	1	Granulibacter
GCF_000576185.2	1	Granulibacter
GCF_000577895.1	6	Clostridium
GCF_000583815.1	1	Ectothiorhodospira
GCF_000599985.1	1	Gilliamella
GCF_000612505.1	4	Paenibacillus
GCF_000612685.1	7	Castellaniella
GCF_000624515.2	1	Salmonella
GCF_000625895.2	1	Salmonella
GCF_000632415.1	7	Klebsiella
GCF_000661895.1	2	Rubrobacter
GCF_000671335.1	1	Ralstonia
GCF_000695235.1	8	Streptomyces
GCF_000696485.1	7	Halomonas
GCF_000696505.1	10	Streptococcus
GCF_000696675.2	4	Rhodococcus
GCF_000710505.1	3	Planktothrix
GCF_000723165.1	1	Janthinobacterium
GCF_000723465.1	2	Ruminococcus
GCF_000724605.1	1	Actinotignum
GCF_000732925.1	4	Amycolatopsis
GCF_000734015.1	6	Thermodesulfobacterium
GCF_000736415.1	2	Campylobacter
GCF_000736435.1	4	Rhodococcus
GCF_000737305.2	4	Bacillus
GCF_000737885.1	1	Bifidobacterium
GCF_000739085.1	4	Amycolatopsis
GCF_000739105.1	4	Streptomyces
GCF_000739415.1	3	Porphyromonas
GCF_000739455.1	6	Corynebacterium
GCF_000743945.1	5	Basilea
GCF_000746665.1	7	Vibrio
GCF_000747315.1	1	Corynebacterium
GCF_000747585.1	2	Melissococcus
GCF_000755145.1	5	Treponema
GCF_000756615.1	2	Paenibacillus
GCF_000758345.1	9	Dickeya
GCF_000758665.1	2	Paenibacillus
GCF_000758685.1	2	Paenibacillus
GCF_000758705.1	4	Paenibacillus
GCF_000758725.1	4	Paenibacillus
GCF_000761215.1	1	Streptomyces
GCF_000763575.1	3	Thermoanaerobacter
GCF_000766885.2	2	Corynebacterium
GCF_000767275.2	6	Fervidobacterium
GCF_000767415.1	8	Corynebacterium
GCF_000772775.3	2	Xanthomonas
GCF_000783455.2	7	Providencia
GCF_000785495.1	4	Pimelobacter
GCF_000785705.2	1	Methylomonas
GCF_000789395.1	6	Clostridium
GCF_000800255.1	7	Pseudomonas
GCF_000800295.1	5	Parvimonas
GCF_000800455.1	2	Bifidobacterium
GCF_000802245.2	4	Streptomyces
GCF_000807145.1	2	Xanthomonas
GCF_000807175.1	2	Clostridium
GCF_000807255.1	2	Clostridium
GCF_000807675.2	2	Eubacterium
GCF_000812665.2	2	Halocynthiibacter
GCF_000814265.1	3	Campylobacter
GCF_000814825.1	2	Coriobacteriaceae
GCF_000816145.1	3	Pseudothermotoga
GCF_000816465.3	4	Streptomyces
GCF_000817955.1	8	Geobacter
GCF_000817975.1	1	Azotobacter
GCF_000818015.1	1	Pseudomonas
GCF_000819445.1	1	Corynebacterium
GCF_000819525.2	2	Mannheimia
GCF_000819545.1	1	Streptomyces
GCF_000827005.1	1	Streptomyces
GCF_000827125.1	2	Geoalkalibacter
GCF_000828615.1	1	Thiolapillus
GCF_000828655.1	2	Thermotoga
GCF_000828675.1	3	Thermotoga
GCF_000828835.1	6	Thioploca
GCF_000828895.1	8	Serpentinomonas
GCF_000830005.1	1	Streptomyces
GCF_000831165.1	5	Streptococcus
GCF_000831485.1	5	Streptococcus
GCF_000831645.3	5	Lactobacillus
GCF_000833025.1	4	Myroides
GCF_000833575.1	1	Corynebacterium
GCF_000834455.1	7	Yersinia
GCF_000875675.1	1	Rathayibacter
GCF_000876545.1	2	Bacillus
GCF_000935185.3	1	Streptomyces
GCF_000940805.1	7	Gynuella
GCF_000941035.1	2	Leptospira
GCF_000943515.2	1	Amycolatopsis
GCF_000950575.1	4	Psychromicrobium
GCF_000952035.2	1	Streptomyces
GCF_000953215.1	3	Invalid_Clostridium
GCF_000953355.1	1	Xenorhabdus
GCF_000953455.1	9	Pseudomonas
GCF_000953475.1	3	Methylacidiphilum
GCF_000953695.1	7	Aliivibrio
GCF_000953735.1	7	Moritella
GCF_000955665.1	4	Elizabethkingia
GCF_000961015.1	1	Lactobacillus
GCF_000961035.1	1	Geobacter
GCF_000961095.1	2	Paenibacillus
GCF_000963635.1	2	Mannheimia
GCF_000967115.2	6	Clostridium
GCF_000968175.1	1	Xenorhabdus
GCF_000968195.1	1	Xenorhabdus
GCF_000968375.1	3	Clostridium
GCF_000968535.2	8	Methylomicrobium
GCF_000973065.1	3	Limnospira
GCF_000973565.1	7	Pasteurella
GCF_000974425.1	6	Spirosoma
GCF_000975175.1	4	Rhodococcus
GCF_000978535.1	3	Thermotoga
GCF_000978555.1	3	Thermotoga
GCF_000978575.1	3	Thermotoga
GCF_000980815.1	2	Corynebacterium
GCF_000980835.1	1	Corynebacterium
GCF_000981585.1	3	Paenibacillus
GCF_000981785.2	3	Microcystis
GCF_000982715.1	4	Rhodococcus
GCF_000988105.2	1	Leptospira
GCF_000988605.1	3	Moraxella
GCF_000988615.1	2	Moraxella
GCF_000988655.1	2	Moraxella
GCF_000988705.1	2	Moraxella
GCF_000988745.2	3	Moraxella
GCF_000993785.3	1	Streptomyces
GCF_000993825.1	2	Paenibacillus
GCF_001006005.1	7	Serratia
GCF_001007935.1	2	Nitrosomonas
GCF_001008325.2	8	Leptospira
GCF_001008335.2	8	Leptospira
GCF_001010285.1	9	Photorhabdus
GCF_001013905.1	2	Streptomyces
GCF_001017655.1	1	Kiritimatiella
GCF_001020985.1	1	Corynebacterium
GCF_001021065.1	1	Corynebacterium
GCF_001025155.1	1	Bifidobacterium
GCF_001025195.1	1	Bifidobacterium
GCF_001025215.1	2	Bifidobacterium
GCF_001026985.1	7	Pragia
GCF_001027225.1	1	Shigella
GCF_001027285.1	4	Archangium
GCF_001027545.1	2	Endomicrobium
GCF_001028285.3	2	Xanthomonas
GCF_001038625.1	4	Clostridium
GCF_001039275.2	4	Brevibacillus
GCF_001042595.1	2	Bifidobacterium
GCF_001042635.1	1	Bifidobacterium
GCF_001042675.1	2	Parascardovia
GCF_001042695.1	2	Scardovia
GCF_001042715.1	6	Clostridium
GCF_001047655.1	2	Leptospira
GCF_001050115.1	6	Bacillus
GCF_001050135.1	4	Cyclobacterium
GCF_001050435.1	1	Lactobacillus
GCF_001077535.1	6	Clostridioides
GCF_001077795.1	6	Riemerella
GCF_001182745.1	1	Nocardia
GCF_001188655.1	6	Listeria
GCF_001188835.1	2	Aggregatibacter
GCF_001189295.1	2	Chondromyces
GCF_001190745.1	3	Campylobacter
GCF_001190845.1	5	Streptococcus
GCF_001190945.1	1	Luteipulveratus
GCF_001262035.1	2	Aggregatibacter
GCF_001262055.1	3	Schaalia
GCF_001263395.1	1	Bifidobacterium
GCF_001263815.1	3	Porphyromonas
GCF_001264245.1	3	Microcystis
GCF_001267275.1	1	Oblitimonas
GCF_001267405.1	2	Moorella
GCF_001267435.1	2	Moorella
GCF_001267885.1	1	Streptomyces
GCF_001272655.2	4	Paenibacillus
GCF_001273775.1	2	Nitrospira
GCF_001274575.1	3	Geobacillus
GCF_001274895.1	2	Corynebacterium
GCF_001277215.2	1	Cronobacter
GCF_001277235.1	1	Cronobacter
GCF_001277275.1	1	Cronobacter
GCF_001277995.1	1	Corynebacterium
GCF_001278075.1	4	Streptomyces
GCF_001278705.1	4	Bacillus
GCF_001281445.1	8	Corynebacterium
GCF_001281505.1	1	Lawsonella
GCF_001293125.1	1	Lawsonella
GCF_001295365.1	3	Parageobacillus
GCF_001296095.1	5	Lactobacillus
GCF_001296165.1	6	Fusobacterium
GCF_001298445.1	2	Nostoc
GCF_001302585.1	1	Kibdelosporangium
GCF_001308285.1	2	Lactobacillus
GCF_001314245.2	2	Lactobacillus
GCF_001318405.1	2	Enterococcus
GCF_001399515.1	2	Ketogulonicigenium
GCF_001399775.1	3	Thermus
GCF_001402875.1	2	Blastochloris
GCF_001412315.1	2	Bacteroides
GCF_001412635.1	5	Streptococcus
GCF_001421015.2	4	Paenibacillus
GCF_001432245.1	5	Staphylococcus
GCF_001434355.1	4	Streptomyces
GCF_001443305.1	2	Leptospira
GCF_001443605.1	6	Salinivirga
GCF_001443645.1	9	Lactobacillus
GCF_001444465.1	1	Leptospira
GCF_001447075.1	4	Streptomyces
GCF_001454945.1	2	Intestinimonas
GCF_001455085.1	5	Fusobacterium
GCF_001455105.1	3	Fusobacterium
GCF_001455145.1	3	Fusobacterium
GCF_001455205.1	10	Nitrosomonas
GCF_001458695.1	3	Candidatus_Nitrospira
GCF_001459775.1	2	Blastochloris
GCF_001465255.1	2	Paenibacillus
GCF_001465855.1	1	Rathayibacter
GCF_001469735.1	7	Vibrio
GCF_001477575.1	5	Streptococcus
GCF_001477615.1	5	Streptococcus
GCF_001481655.1	6	Myroides
GCF_001481725.1	2	Eubacterium
GCF_001482385.1	10	Pseudoalteromonas
GCF_001483985.1	2	Campylobacter
GCF_001484065.1	2	Pannonibacter
GCF_001484725.1	6	Clostridium
GCF_001518795.1	1	Aerococcus
GCF_001518835.1	7	Leclercia
GCF_001518995.2	8	Rhodothermaceae
GCF_001542625.1	4	Streptomyces
GCF_001543105.1	1	Aerococcus
GCF_001543145.1	1	Aerococcus
GCF_001543175.1	1	Aerococcus
GCF_001543245.1	1	Aerococcus
GCF_001544015.1	1	Limnochorda
GCF_001547735.1	3	Thermosulfidibacter
GCF_001547775.1	10	Aggregatibacter
GCF_001547855.1	3	Tannerella
GCF_001547875.1	3	Tannerella
GCF_001548015.1	2	Methylobacterium
GCF_001548155.2	2	Blastochloris
GCF_001548235.1	2	Rothia
GCF_001548255.1	5	Staphylococcus
GCF_001553625.1	2	Desulfomicrobium
GCF_001553955.1	7	Moraxella
GCF_001558415.2	7	Vibrio
GCF_001558435.2	1	Vibrio
GCF_001558855.2	7	Providencia
GCF_001563225.1	2	Pseudodesulfovibrio
GCF_001564455.1	8	Faecalibaculum
GCF_001577385.1	4	Streptomyces
GCF_001577525.1	3	Candidatus_Desulfofervidus
GCF_001577795.1	6	Clostridioides
GCF_001579945.1	2	Steroidobacter
GCF_001583435.1	8	Endozoicomonas
GCF_001586215.1	1	Corynebacterium
GCF_001586235.1	1	Corynebacterium
GCF_001586255.1	7	Zhongshania
GCF_001596775.2	5	Listeria
GCF_001598035.1	2	Streptococcus
GCF_001598075.1	2	Lysinibacillus
GCF_001611035.1	5	Pediococcus
GCF_001611075.1	5	Pediococcus
GCF_001611115.1	5	Pediococcus
GCF_001611135.1	5	Pediococcus
GCF_001611155.1	5	Pediococcus
GCF_001611795.1	4	Streptomyces
GCF_001611905.1	3	Arthrospira
GCF_001612475.1	1	Escherichia
GCF_001617625.1	8	Microbulbifer
GCF_001618485.1	1	Leptospira
GCF_001618525.1	1	Leptospira
GCF_001618685.1	3	Geobacillus
GCF_001620265.1	8	Defluviimonas
GCF_001620335.1	9	Photorhabdus
GCF_001628715.1	2	Acetobacter
GCF_001628815.1	1	Geobacter
GCF_001632305.1	4	Paenibacillus
GCF_001632775.1	10	Dokdonella
GCF_001632865.1	4	Streptomyces
GCF_001633145.1	1	Rhodovulum
GCF_001633165.1	1	Rhodovulum
GCF_001636015.1	2	Moraxella
GCF_001639105.2	2	Azospirillum
GCF_001640865.1	2	Bacteroides
GCF_001642085.1	9	Streptococcus
GCF_001643955.1	6	Campylobacter
GCF_001644605.1	4	Paenibacillus
GCF_001644665.1	3	Fervidobacterium
GCF_001646605.1	2	Clostridium
GCF_001647635.1	4	Leifsonia
GCF_001648175.1	10	Halotalea
GCF_001651805.1	3	Marinobacterium
GCF_001654435.1	7	Pseudomonas
GCF_001660045.1	4	Streptomyces
GCF_001660505.1	7	Vibrio
GCF_001680825.1	1	Gluconobacter
GCF_001683355.1	5	Prevotella
GCF_001685355.1	4	Streptomyces
GCF_001685395.1	2	Paenibacillus
GCF_001685435.2	2	Salimicrobium
GCF_001685605.1	4	Rhodococcus
GCF_001688625.2	2	Flavonifractor
GCF_001688765.2	2	Akkermansia
GCF_001688965.2	2	Erysipelotrichaceae
GCF_001690155.1	10	Aggregatibacter
GCF_001692755.1	3	Hungateiclostridium
GCF_001693435.1	1	Gilliamella
GCF_001693655.1	2	Ketogulonicigenium
GCF_001693675.1	1	Streptomyces
GCF_001696605.3	7	Acinetobacter
GCF_001697145.1	5	Streptococcus
GCF_001697225.1	1	Immundisolibacter
GCF_001697245.1	3	Thermoclostridium
GCF_001697285.1	3	Thermoclostridium
GCF_001698165.1	9	Lactobacillus
GCF_001700985.1	3	Parageobacillus
GCF_001701025.1	4	Lentzea
GCF_001701045.1	2	Cloacibacillus
GCF_001702155.1	9	Lactobacillus
GCF_001702175.1	5	Lactobacillus
GCF_001702195.1	9	Lactobacillus
GCF_001703515.1	5	Brochothrix
GCF_001704195.1	4	Streptomyces
GCF_001704275.1	4	Streptomyces
GCF_001704615.3	7	Acinetobacter
GCF_001704955.2	3	Microcystis
GCF_001705545.1	7	Xanthomonas
GCF_001705565.1	7	Xanthomonas
GCF_001712815.1	10	Tetragenococcus
GCF_001714705.1	1	Cutibacterium
GCF_001717545.1	2	Anaerolineaceae
GCF_001721645.1	4	Pedobacter
GCF_001723525.1	1	Lactobacillus
GCF_001729265.1	1	Edwardsiella
GCF_001729485.1	4	Streptomyces
GCF_001729705.1	7	Enterobacter
GCF_001729805.1	7	Enterobacter
GCF_001735805.1	4	Streptomyces
GCF_001742185.1	9	Pectobacterium
GCF_001742205.1	5	Lactobacillus
GCF_001746265.1	6	Lactobacillus
GCF_001746855.1	8	Actinomyces
GCF_001747405.1	8	Chlorobaculum
GCF_001747425.1	1	Actinoalloteichus
GCF_001750685.1	6	Geosporobacter
GCF_001750785.1	1	Streptomyces
GCF_001753225.1	10	Delftia
GCF_001753425.1	1	Streptomyces
GCF_001761405.1	1	Edwardsiella
GCF_001767375.1	1	Streptomyces
GCF_001854185.1	6	Clostridium
GCF_001854245.1	3	Desulfococcus
GCF_001855275.1	1	Chromobacterium
GCF_001855295.1	2	Ketogulonicigenium
GCF_001855335.1	6	Acidipropionibacterium
GCF_001855705.1	9	Streptococcus
GCF_001856645.1	2	Clostridium
GCF_001856695.1	2	Clostridium
GCF_001857925.1	2	Bacillus
GCF_001857945.1	2	Paenibacillus
GCF_001858005.1	4	Butyrivibrio
GCF_001865855.1	4	Nocardia
GCF_001870225.1	3	Gloeomargarita
GCF_001874425.3	2	Paenibacillus
GCF_001874605.1	2	Moorella
GCF_001877055.1	4	Nocardiopsis
GCF_001880325.1	8	Thermus
GCF_001885145.1	5	Streptococcus
GCF_001886595.1	4	Streptomyces
GCF_001886715.1	1	Nocardia
GCF_001886815.1	3	Caldithrix
GCF_001887265.1	2	Chelatococcus
GCF_001887715.1	1	Pelobacter
GCF_001888165.1	1	Pelobacter
GCF_001889525.1	1	Granulibacter
GCF_001900435.1	1	Escherichia
GCF_001902295.1	6	Clostridium
GCF_001902495.1	3	Parageobacillus
GCF_001907975.1	1	Silvanigrella
GCF_001908275.1	2	Paenibacillus
GCF_001908415.1	1	Lactobacillus
GCF_001921945.1	6	Clostridium
GCF_001922025.1	1	Lactobacillus
GCF_001922145.1	4	Paenibacillus
GCF_001922305.1	8	Thauera
GCF_001931535.1	4	Minicystis
GCF_001936335.1	1	Lactobacillus
GCF_001941385.1	3	Thermosipho
GCF_001941465.1	2	Corynebacterium
GCF_001941485.1	1	Corynebacterium
GCF_001941565.1	1	Corynebacterium
GCF_001941625.1	8	Actinoalloteichus
GCF_001941805.1	7	Acinetobacter
GCF_001941865.1	7	Pseudomonas
GCF_001955735.1	3	Rhodoferax
GCF_001956985.1	2	Paludisphaera
GCF_001975025.1	1	Streptomyces
GCF_001975225.1	1	Kosakonia
GCF_001975705.1	1	Pelagibaca
GCF_001975725.1	2	Acidihalobacter
GCF_001983955.1	5	Streptococcus
GCF_001983975.1	1	Streptomyces
GCF_001984445.1	4	Streptomyces
GCF_001984825.2	7	Enterobacter
GCF_001988955.1	6	Spirosoma
GCF_001997345.1	1	Tessaracoccus
GCF_001997385.1	2	Sedimentisphaera
GCF_001998025.1	5	Mycobacterium
GCF_001998765.1	6	Anaerostipes
GCF_001998865.1	1	Tessaracoccus
GCF_001998885.1	5	Vagococcus
GCF_001999965.1	2	Phycisphaerae
GCF_002000985.1	5	Streptococcus
GCF_002003265.1	3	Paenibacillus
GCF_002003285.1	2	Clostridium
GCF_002003305.1	6	Clostridium
GCF_002003325.1	2	Clostridium
GCF_002003345.1	4	Clostridium
GCF_002003365.1	6	Clostridium
GCF_002003385.1	2	Clostridium
GCF_002005145.1	6	Desulfotomaculum
GCF_002005165.1	3	Novibacillus
GCF_002005185.1	3	Veillonella
GCF_002005225.1	1	Streptomyces
GCF_002006565.1	9	Acetobacter
GCF_002007645.1	2	Phycisphaerae
GCF_002007765.1	3	Paenibacillus
GCF_002009175.1	1	Streptomyces
GCF_002009335.2	3	Desulfococcus
GCF_002019855.1	4	Streptomyces
GCF_002021875.1	4	Streptomyces
GCF_002022105.1	4	Elizabethkingia
GCF_002022745.1	2	Neisseria
GCF_002028425.1	4	Streptomyces
GCF_002043025.1	3	Paenibacillus
GCF_002056725.1	1	Comamonas
GCF_002056795.1	6	Spirosoma
GCF_002068115.1	9	Pectobacterium
GCF_002072815.1	7	Alcanivorax
GCF_002073215.2	7	Moraxella
GCF_002073355.2	5	Streptococcus
GCF_002073715.2	3	Neisseria
GCF_002074155.1	6	Clostridium
GCF_002075105.1	6	Lactobacillus
GCF_002075285.3	3	Halomicronema
GCF_002076915.1	1	Actinomyces
GCF_002077215.1	3	Bacillus
GCF_002079945.1	1	Parasaccharibacter
GCF_002080125.1	7	Moraxella
GCF_002080475.1	6	Clostridium
GCF_002082175.1	1	Streptomyces
GCF_002082195.1	1	Streptomyces
GCF_002082585.1	1	Kitasatospora
GCF_002082605.1	1	Kitasatospora
GCF_002082765.1	5	Veillonella
GCF_002095975.1	3	Microcystis
GCF_002096055.1	4	Cnuibacter
GCF_002105555.1	2	Paracoccus
GCF_002117005.1	2	Sedimentisphaera
GCF_002119605.1	2	Ruminococcaceae
GCF_002142615.1	7	Photobacterium
GCF_002148255.1	2	Eggerthella
GCF_002156805.1	1	Corynebacterium
GCF_002157205.1	1	Kushneria
GCF_002157225.2	7	Agarilytica
GCF_002157875.1	7	Oceanisphaera
GCF_002157895.1	7	Oceanisphaera
GCF_002158865.1	1	Comamonas
GCF_002158885.1	5	Lactobacillus
GCF_002162115.1	1	Corynebacterium
GCF_002162335.1	4	Cellulosimicrobium
GCF_002162355.1	3	Tumebacillus
GCF_002163975.1	3	Nostocales
GCF_002165345.2	7	Acinetobacter
GCF_002176835.1	9	Lactobacillus
GCF_002180335.1	7	Aeromonas
GCF_002189675.2	1	Streptomyces
GCF_002192415.1	4	Paenibacillus
GCF_002192455.1	4	Streptomyces
GCF_002196515.1	8	Vibrio
GCF_002197485.1	3	Anoxybacillus
GCF_002197645.1	4	Enterococcus
GCF_002201795.1	2	Alkalitalea
GCF_002202015.1	4	Bacillus
GCF_002202115.1	3	Fusobacterium
GCF_002202135.1	1	Acetobacter
GCF_002205315.1	7	Achromobacter
GCF_002209125.2	4	Nocardia
GCF_002209385.1	7	Methylovulum
GCF_002211605.1	6	Fusobacterium
GCF_002211885.1	1	Lactobacillus
GCF_002211925.1	1	Salmonella
GCF_002215075.1	4	Brevibacillus
GCF_002217795.2	9	Aquitalea
GCF_002218025.2	7	Vibrio
GCF_002220155.1	1	Azotobacter
GCF_002220195.1	1	Acetobacter
GCF_002220735.1	2	Campylobacter
GCF_002220775.1	6	Campylobacter
GCF_002220795.1	6	Campylobacter
GCF_002221555.2	2	Blautia
GCF_002221705.2	2	Invalid_Clostridium
GCF_002222595.2	6	Blautia
GCF_002222655.1	9	Vitreoscilla
GCF_002224425.1	5	Lactobacillus
GCF_002224645.1	3	Dehalobacterium
GCF_002234535.1	1	Actinoalloteichus
GCF_002234575.2	2	Invalid_Clostridium
GCF_002240225.1	2	Paenibacillus
GCF_002240355.1	1	Prauserella
GCF_002240415.1	2	Paenibacillus
GCF_002243385.1	8	Mogibacterium
GCF_002243515.1	3	Tumebacillus
GCF_002243535.1	5	Tetragenococcus
GCF_002243625.1	2	Aeribacillus
GCF_002243665.1	3	Geobacillus
GCF_002250075.1	3	Thermoanaerobacterium
GCF_002250885.2	6	Bacillus
GCF_002250925.2	6	Bacillus
GCF_002251025.2	6	Bacillus
GCF_002251055.2	6	Bacillus
GCF_002251115.2	6	Bacillus
GCF_002257525.1	1	Halomonas
GCF_002257545.1	7	Vibrio
GCF_002260685.1	4	Nocardiopsis
GCF_002263495.1	1	Nocardiopsis
GCF_002263515.1	1	Actinopolyspora
GCF_002269255.1	1	Klebsiella
GCF_002269365.1	4	Rhodococcus
GCF_002277955.1	3	Thermogutta
GCF_002285455.1	9	Escherichia
GCF_002285495.1	6	Clostridium
GCF_002287705.1	8	Leptospira
GCF_002287905.1	9	Lactobacillus
GCF_002288125.1	2	Taylorella
GCF_002288155.1	2	Taylorella
GCF_002288205.1	2	Taylorella
GCF_002288545.1	9	Pectobacterium
GCF_002290025.1	5	Enterococcus
GCF_002300135.1	6	Geobacillus
GCF_002302475.1	6	Capnocytophaga
GCF_002302635.1	6	Capnocytophaga
GCF_002305895.1	3	Myxococcus
GCF_002354875.1	4	Actinosynnema
GCF_002355215.1	1	Streptococcus
GCF_002355795.1	6	Clostridium
GCF_002355835.1	2	Candidatus_Endomicrobium
GCF_002355935.1	1	Rothia
GCF_002356035.1	4	Nocardia
GCF_002356115.1	1	Candidatus_Nitrosoglobus
GCF_002356355.1	9	Thiohalobacter
GCF_002356455.1	2	Fusobacterium
GCF_002356555.2	8	Halorhodospira
GCF_002367955.1	3	Anabaena
GCF_002367975.1	6	Anabaenopsis
GCF_002367995.1	3	Calothrix
GCF_002368015.1	3	Trichormus
GCF_002368035.1	2	Nostoc
GCF_002368055.1	3	Aulosira
GCF_002368075.1	3	Sphaerospermopsis
GCF_002368095.1	3	Calothrix
GCF_002368115.1	3	Dolichospermum
GCF_002368135.1	3	Raphidiopsis
GCF_002368155.1	2	Nostoc
GCF_002368275.1	3	Fremyella
GCF_002368295.1	3	Tolypothrix
GCF_002370195.2	6	Ureibacillus
GCF_002381265.1	5	Brochothrix
GCF_002386185.1	5	Staphylococcus
GCF_002386345.1	5	Streptococcus
GCF_002407265.1	2	Celeribacter
GCF_002441855.2	2	Eubacterium
GCF_002441955.1	9	Methylomonas
GCF_002442515.1	5	Brochothrix
GCF_002442575.1	2	Halomonas
GCF_002447275.1	5	Mycobacterium
GCF_002447575.1	5	Mycobacterium
GCF_002447995.1	5	Mycobacterium
GCF_002456135.1	2	Acetobacter
GCF_002549795.1	1	Halomonas
GCF_002556545.1	4	Streptomyces
GCF_002557795.1	6	Chitinophaga
GCF_002568625.1	1	Nocardia
GCF_002586945.1	1	Faecalibacterium
GCF_002591335.1	4	Streptomyces
GCF_002706425.1	5	Lactobacillus
GCF_002706485.1	9	Dickeya
GCF_002706565.1	6	Geobacillus
GCF_002706705.1	6	Lactobacillus
GCF_002706745.1	5	Lactobacillus
GCF_002715865.1	1	Bifidobacterium
GCF_002736025.1	5	Lactobacillus
GCF_002741055.1	4	Paenibacillus
GCF_002741335.1	1	Escherichia
GCF_002741375.1	1	Escherichia
GCF_002741725.1	4	Rhodococcus
GCF_002752655.1	2	Methylosinus
GCF_002760935.1	1	Salmonella
GCF_002761215.1	2	Candidatus_Gracilibacteria
GCF_002761235.1	1	Bifidobacterium
GCF_002763625.1	2	Fusobacterium
GCF_002763775.1	5	Fusobacterium
GCF_002763875.1	5	Fusobacterium
GCF_002764035.1	9	Pectobacterium
GCF_002777255.1	6	Peptococcaceae
GCF_002777535.1	1	Streptomyces
GCF_002786455.2	7	Moraxella
GCF_002787125.1	5	Streptococcus
GCF_002803845.1	2	Streptomyces
GCF_002803865.1	1	Erwinia
GCF_002803925.1	1	Aeromonas
GCF_002803965.1	1	Corynebacterium
GCF_002804065.1	3	Kyrpidia
GCF_002804085.1	1	Corynebacterium
GCF_002804165.1	1	Streptomyces
GCF_002812345.2	5	Staphylococcus
GCF_002812425.1	10	Streptococcus
GCF_002812485.1	9	Dickeya
GCF_002813775.1	2	Candidatus_Thiodictyon
GCF_002831565.1	6	Spirosoma
GCF_002843965.1	1	Microbacterium
GCF_002844395.1	3	Hungateiclostridium
GCF_002849855.1	9	Vibrio
GCF_002850015.1	9	Lactobacillus
GCF_002850035.1	6	Lactobacillus
GCF_002850055.1	6	Lactobacillus
GCF_002863805.1	8	Rhodocyclaceae
GCF_002863905.1	4	Rhodococcus
GCF_002865805.1	6	Clostridium
GCF_002868735.1	2	Niveispirillum
GCF_002869785.1	4	Tsukamurella
GCF_002874775.1	10	Monoglobus
GCF_002881375.1	10	Streptococcus
GCF_002881415.1	10	Streptococcus
GCF_002881495.1	10	Streptococcus
GCF_002887275.1	4	Elizabethkingia
GCF_002887555.1	9	Dickeya
GCF_002892595.1	3	Porphyromonas
GCF_002893785.1	3	Laceyella
GCF_002893885.1	4	Paenibacillus
GCF_002893965.1	4	Rhodococcus
GCF_002896855.1	3	Pseudoclostridium
GCF_002903065.1	1	Enterobacteriaceae
GCF_002946555.2	6	Clostridioides
GCF_002946835.1	1	Streptomyces
GCF_002947505.1	1	Klebsiella
GCF_002949475.1	1	Shigella
GCF_002949635.1	4	Nocardia
GCF_002950175.1	1	Shigella
GCF_002950395.1	1	Shigella
GCF_002950945.1	4	Sorangium
GCF_002951395.1	4	Elizabethkingia
GCF_002951875.1	3	Paenibacillus
GCF_002952055.1	8	Desulfobulbus
GCF_002952135.1	1	Chromobacterium
GCF_002952315.1	9	Erwinia
GCF_002954165.1	7	Enterobacter
GCF_002973655.1	3	Campylobacter
GCF_002982135.1	5	Pediococcus
GCF_002983665.1	7	Providencia
GCF_002984485.1	7	Oligella
GCF_002993285.1	6	Gordonia
GCF_002998435.1	2	Bacteroides
GCF_002998535.1	5	Bacteroides
GCF_002999035.1	5	Lachnospiraceae
GCF_003004765.2	4	Rhodococcus
GCF_003006075.1	5	Staphylococcus
GCF_003006415.1	3	Megasphaera
GCF_003008535.1	7	Ottowia
GCF_003010495.1	10	Megasphaera
GCF_003013675.1	4	Rhodococcus
GCF_003015185.1	3	Ahniella
GCF_003015715.1	2	Xanthomonas
GCF_003019315.1	5	Fusobacterium
GCF_003019655.1	2	Fusobacterium
GCF_003019675.1	2	Fusobacterium
GCF_003019695.1	6	Fusobacterium
GCF_003019715.1	5	Fusobacterium
GCF_003019755.1	3	Fusobacterium
GCF_003019925.1	1	Pluralibacter
GCF_003020045.1	2	Ethanoligenens
GCF_003030465.1	2	Thauera
GCF_003031305.1	1	Pectobacterium
GCF_003032015.1	1	Salmonella
GCF_003033945.1	4	Paenibacillus
GCF_003047105.1	1	Celeribacter
GCF_003047205.1	2	Carboxydocella
GCF_003048375.1	6	Campylobacter
GCF_003049785.1	10	Dickeya
GCF_003050685.1	2	Xanthomonas
GCF_003051865.1	1	Microvirgula
GCF_003054475.1	3	Nodularia
GCF_003054515.1	8	Zoogloeaceae
GCF_003054555.1	2	Streptomyces
GCF_003055835.1	1	Trueperella
GCF_003071405.1	8	Rhodobacter
GCF_003071525.2	2	Micrococcus
GCF_003074055.1	4	Streptomyces
GCF_003076315.1	1	Trueperella
GCF_003076375.1	5	Staphylococcus
GCF_003086595.1	4	Rhodococcus
GCF_003096015.2	1	Limnobaculum
GCF_003096175.1	5	Clostridium
GCF_003096215.1	3	Bacillus
GCF_003097515.1	1	Streptomyces
GCF_003101015.1	2	Actinobacillus
GCF_003111645.1	1	Azoarcus
GCF_003111665.1	10	Azoarcus
GCF_003122365.1	1	Streptomyces
GCF_003147545.1	4	Streptomyces
GCF_003149495.1	2	Gemmata
GCF_003176795.1	1	Streptococcus
GCF_003176815.1	1	Streptococcus
GCF_003184245.1	2	Bacillus
GCF_003194045.1	2	Corynebacterium
GCF_003208035.1	4	Streptomyces
GCF_003209395.1	6	Corynebacterium
GCF_003254845.1	1	Leptospira
GCF_003255855.1	4	Paenibacillus
GCF_003255895.1	1	Citrobacter
GCF_003258315.1	1	Bradymonas
GCF_003258335.1	7	Acinetobacter
GCF_003261035.1	2	Mannheimia
GCF_003268675.1	4	Streptomyces
GCF_003285105.1	8	Rhodothermaceae
GCF_003285205.1	1	Marinomonas
GCF_003287015.1	7	Moraxella
GCF_003288095.1	4	Rhodococcus
GCF_003294895.1	1	Aeromonas
GCF_003294925.1	1	Aeromonas
GCF_003312465.1	8	Faecalibacterium
GCF_003312875.1	4	Amycolatopsis
GCF_003323815.1	7	Acinetobacter
GCF_003325375.1	1	Streptomyces
GCF_003325455.1	2	Acidipropionibacterium
GCF_003330865.1	4	Streptomyces
GCF_003343225.1	9	Photorhabdus
GCF_003343245.1	9	Photorhabdus
GCF_003343305.1	4	Enterococcus
GCF_003344445.1	4	Streptomyces
GCF_003345255.1	8	Thauera
GCF_003351365.1	4	Micromonospora
GCF_003351545.1	2	Neisseria
GCF_003351565.1	2	Neisseria
GCF_003351625.1	2	Haemophilus
GCF_003351665.1	3	Neisseria
GCF_003351685.1	2	Neisseria
GCF_003352445.1	1	Streptomyces
GCF_003353065.1	3	Candidatus_Cyclonatronum
GCF_003355195.1	2	Neisseria
GCF_003367415.1	1	Nocardia
GCF_003367905.1	10	Megasphaera
GCF_003391095.1	1	Austwickia
GCF_003391135.1	1	Streptomyces
GCF_003391275.1	1	Acetobacter
GCF_003403135.1	10	Dickeya
GCF_003410275.1	1	Escherichia
GCF_003410375.1	9	Lactobacillus
GCF_003427055.1	2	Xanthomonas
GCF_003427415.1	7	Shewanella
GCF_003428925.1	1	Streptomyces
GCF_003429265.1	2	Rhodobacter
GCF_003429485.1	1	Leptospira
GCF_003429505.1	1	Leptospira
GCF_003429525.1	1	Leptospira
GCF_003433295.1	8	Eubacterium
GCF_003443935.1	7	Moraxella
GCF_003443955.1	7	Moraxella
GCF_003454755.1	1	Streptomyces
GCF_003491405.1	1	Salinibacter
GCF_003491425.1	6	Salinibacter
GCF_003516205.1	4	Actinosynnema
GCF_003534205.1	6	Listeria
GCF_003544835.1	3	Arcobacter
GCF_003544875.1	3	Vibrio
GCF_003544915.1	3	Arcobacter
GCF_003546865.1	1	Aerococcaceae
GCF_003568865.1	2	Rubrobacter
GCF_003571485.1	9	Pectobacterium
GCF_003573485.1	1	Streptomyces
GCF_003574215.1	3	Hydrogenophilus
GCF_003574985.1	1	Pannonibacter
GCF_003575005.1	1	Xenorhabdus
GCF_003584645.1	8	Methylocaldum
GCF_003586525.1	4	Rhodococcus
GCF_003589745.1	5	Lachnoanaerobaculum
GCF_003589885.1	1	Actinomadura
GCF_003589905.1	5	Streptococcus
GCF_003589945.1	5	Streptococcus
GCF_003590055.1	4	Paenibacillus
GCF_003590075.1	2	Brevibacillus
GCF_003595235.1	4	Streptomyces
GCF_003595345.1	5	Staphylococcus
GCF_003595605.1	3	Invalid_Bacillus
GCF_003597595.1	5	Lactobacillus
GCF_003597655.1	5	Lactobacillus
GCF_003606265.1	6	Clostridium
GCF_003609775.1	5	Prevotella
GCF_003609995.1	8	Sutterella
GCF_003610995.1	4	Streptomyces
GCF_003612775.1	4	Micromonospora
GCF_003612795.1	1	Halomonas
GCF_003612835.1	2	Ethanoligenens
GCF_003612855.1	2	Ethanoligenens
GCF_003612955.1	4	Bacillus
GCF_003614235.1	3	Clostridium
GCF_003627295.1	9	Lactobacillus
GCF_003627375.1	9	Lactobacillus
GCF_003627815.1	4	Streptomyces
GCF_003628575.1	9	Pectobacterium
GCF_003628695.1	9	Pectobacterium
GCF_003628715.1	9	Pectobacterium
GCF_003628775.1	9	Dickeya
GCF_003665375.1	9	Enterobacter
GCF_003665435.1	4	Streptomyces
GCF_003671995.1	1	Bifidobacterium
GCF_003675345.1	1	Streptomyces
GCF_003691505.1	7	Vibrio
GCF_003691585.1	6	Thermoanaerobacterales
GCF_003710225.1	9	Lactobacillus
GCF_003711105.1	1	Actinoplanes
GCF_003721455.1	7	Shewanella
GCF_003722295.1	2	Leptospira
GCF_003722315.1	3	Thermoanaerobacter
GCF_003723955.1	2	Pannonibacter
GCF_003732505.1	6	Fusobacterium
GCF_003795125.1	1	Tetragenococcus
GCF_003795145.1	2	Tetragenococcus
GCF_003798145.1	7	Pseudomonas
GCF_003798325.1	3	Propionibacterium
GCF_003812285.1	1	Actinobacteria
GCF_003812705.1	4	Chryseobacterium
GCF_003812825.1	3	Fusobacterium
GCF_003813965.1	1	Corynebacterium
GCF_003813985.1	8	Corynebacterium
GCF_003814005.1	1	Corynebacterium
GCF_003815695.1	6	Chryseobacterium
GCF_003815855.1	6	Chryseobacterium
GCF_003815995.1	4	Chryseobacterium
GCF_003855635.1	1	Proteus
GCF_003855655.1	9	Lactobacillus
GCF_003856495.1	3	Thermoactinomycetaceae
GCF_003860425.1	9	Lactobacillus
GCF_003860585.1	4	Chryseobacterium
GCF_003925875.1	5	Erysipelotrichaceae
GCF_003931855.1	2	Paenibacillus
GCF_003932075.1	2	Xanthomonas
GCF_003932935.1	4	Brevibacterium
GCF_003945305.1	2	Microcystis
GCF_003945345.1	4	Paenibacillus
GCF_003945385.1	4	Pseudonocardia
GCF_003949975.1	2	Xanthomonas
GCF_003950215.1	7	Halomonas
GCF_003952825.1	2	Bifidobacterium
GCF_003952845.1	1	Lactobacillus
GCF_003955865.1	2	Lactobacillus
GCF_003955925.1	1	Cronobacter
GCF_003955985.1	1	Corynebacterium
GCF_003956085.1	6	Acidipropionibacterium
GCF_003957805.1	2	Synechococcus
GCF_003966565.1	3	Sterolibacteriaceae
GCF_003966675.1	7	Acinetobacter
GCF_003966875.1	2	Melissococcus
GCF_003966895.1	3	Methylomusa
GCF_003966975.1	2	Pelolinea
GCF_003967075.1	2	Sphingobium
GCF_003967115.1	5	Staphylococcus
GCF_003967135.1	5	Streptococcus
GCF_003970715.1	4	Streptomyces
GCF_003971365.1	7	Moraxella
GCF_003971445.1	1	Trueperella
GCF_003971465.1	1	Trueperella
GCF_003971485.1	1	Trueperella
GCF_003991135.1	3	Anoxybacter
GCF_003991855.1	4	Microbacterium
GCF_003992745.1	9	Pectobacterium
GCF_003994375.1	4	Streptomyces
GCF_003994395.1	1	Streptomyces
GCF_003999255.1	3	Caldicellulosiruptor
GCF_003999295.1	4	Brevibacterium
GCF_003999355.1	6	Lactobacillus
GCF_004000565.1	4	Microbacterium
GCF_004001205.1	2	Melissococcus
GCF_004001245.1	1	Sulfurivermis
GCF_004006635.1	3	Fusobacterium
GCF_004011055.1	2	Acidipropionibacterium
GCF_004011075.1	1	Acidipropionibacterium
GCF_004014985.1	6	Sporolactobacillus
GCF_004015025.1	2	Akkermansia
GCF_004015125.1	2	Akkermansia
GCF_004015165.1	6	Sporolactobacillus
GCF_004015345.1	2	Akkermansia
GCF_004022545.1	7	Vibrio
GCF_004087915.1	7	Geovibrio
GCF_004101825.1	6	Clostridium
GCF_004102045.1	9	Oenococcus
GCF_004104525.2	1	Klebsiella
GCF_004114715.1	2	Bacillus
GCF_004114735.1	5	Streptococcus
GCF_004116975.1	1	Proteus
GCF_004117055.1	2	Brevibacillus
GCF_004117075.1	3	Fervidobacterium
GCF_004117095.1	4	Paenibacillus
GCF_004135085.1	1	Bifidobacterium
GCF_004135105.1	7	Photobacterium
GCF_004135735.1	3	Sorangium
GCF_004135755.1	4	Sorangium
GCF_004135975.1	8	Desulfovibrio
GCF_004154955.1	2	Intestinimonas
GCF_004168365.1	7	Xanthomonadaceae
GCF_004208415.1	4	Ktedonobacterales
GCF_004208435.1	6	Clostridium
GCF_004208455.1	6	Clostridium
GCF_004210255.1	4	Blautia
GCF_004214815.1	3	Arcobacter
GCF_004295125.1	2	Invalid_Clostridium
GCF_004299845.1	3	Verrucomicrobia
GCF_004319545.1	3	Desulfobacter
GCF_004322855.1	6	Egibacter
GCF_004328555.1	1	Haematobacter
GCF_004353865.1	1	Hydrogenophaga
GCF_004421105.1	8	Nitrosococcus
GCF_004563755.2	3	Bacillus
GCF_004564215.1	2	Beijerinckiaceae
GCF_004758605.1	8	Deinococcus
GCF_004801255.1	1	Desulfovibrio
GCF_004843165.1	7	Acetobacteraceae
GCF_004843345.1	7	Acetobacteraceae
GCF_004843545.1	5	Streptococcus
GCF_004851605.1	1	Gammaproteobacteria
GCF_004916755.1	1	Corynebacterium
GCF_004924375.1	2	Clostridium
GCF_005083985.2	6	Cetia
GCF_005121165.1	2	Oscillospiraceae
GCF_005144885.1	1	Phreatobacter
GCF_005160065.1	3	Geobacillus
GCF_005161605.1	10	Streptococcus
GCF_005165545.1	1	Raoultella
GCF_005221285.1	2	Neisseria
GCF_005221305.1	2	Neisseria
GCF_005222145.1	2	Azospirillum
GCF_005222505.1	2	Ethanoligenens
GCF_005311005.1	5	Lactobacillus
GCF_005347505.1	6	Enterococcus
GCF_005377625.1	3	Desulfoglaeba
GCF_005517195.1	4	Streptomyces
GCF_005518075.1	7	Moraxella
GCF_005519465.1	1	Streptomyces
GCF_005671335.1	2	Bacillus
GCF_005696695.1	2	Schaalia
GCF_005696855.1	6	Pseudopropionibacterium
GCF_005843985.1	3	Caminibacter
GCF_005844045.1	6	Campylobacter
GCF_005886075.1	5	Lactobacillus
GCF_005886215.1	2	Hungatella
GCF_005886435.1	8	Schaalia
GCF_005931095.1	8	Methylomicrobium
GCF_005944105.1	4	Rhodococcus
GCF_005952805.1	2	Inhella
GCF_006088775.1	1	Arcanobacterium
GCF_006228565.1	2	Moorella
GCF_006229535.1	4	Streptomyces
GCF_006339625.1	6	Listeria
GCF_006351985.1	4	Rhodococcus
GCF_006364815.1	5	Enterococcus
GCF_006378235.1	4	Streptomyces
GCF_006384175.1	1	Lactobacillus
GCF_006400955.1	2	Myxococcus
GCF_006401215.1	2	Myxococcus
GCF_006401635.1	3	Myxococcus
GCF_006402015.1	2	Myxococcus
GCF_006402735.1	3	Myxococcus
GCF_006516935.1	4	Streptomyces
GCF_006542315.1	7	Halomonas
GCF_006711645.1	7	Raoultella
GCF_006716135.1	4	Streptomyces
GCF_006716385.1	2	Bacillus
GCF_006874745.1	1	Leptospira
GCF_006874765.1	1	Leptospira
GCF_006974005.1	4	Streptomyces
GCF_007005445.1	2	Rhodopseudomonas
GCF_007066085.1	2	Paenibacillus
GCF_007066225.1	3	Paenibacillus
GCF_007164525.1	3	Rubrobacter
GCF_007165405.1	1	Thermus
GCF_007165645.1	1	Thermus
GCF_007182855.1	3	Thermus
GCF_007197715.1	5	Dolosigranulum
GCF_007197835.1	4	Rhodococcus
GCF_007361935.1	2	Lachnospiraceae
GCF_007362135.1	4	Cellulosimicrobium
GCF_007362295.1	4	Nocardia
GCF_007363395.1	4	Streptomyces
GCF_007475525.1	3	Methylacidiphilum
GCF_007641255.1	2	Sporomusa
GCF_007725005.1	4	Brevibacillus
GCF_007904085.1	3	Euhalothece
GCF_007923185.1	5	Pediococcus
GCF_007954585.1	7	Pistricoccus
GCF_007954605.1	5	Leuconostoc
GCF_007954685.1	8	Lactobacillus
GCF_007964805.1	2	Mannheimia
GCF_007965585.1	2	Mannheimia
GCF_007970185.1	6	Pseudobacter
GCF_007970465.1	1	Corynebacterium
GCF_007971225.1	6	Panacibacter
GCF_007971385.1	6	Arachidicoccus
GCF_007981025.1	2	Mannheimia
GCF_007990365.1	3	Leptotrichia
GCF_007990385.1	6	Leptotrichia
GCF_007990425.1	3	Leptotrichia
GCF_007990445.1	5	Leptotrichia
GCF_007990505.1	6	Leptotrichia
GCF_007990525.1	5	Leptotrichia
GCF_007990575.1	3	Leptotrichia
GCF_007993755.1	2	Bradymonadales
GCF_008001015.1	4	Serinicoccus
GCF_008033135.1	2	Chitinolyticbacter
GCF_008064875.1	1	Escherichia
GCF_008064895.1	1	Escherichia
GCF_008064915.1	1	Escherichia
GCF_008064995.1	1	Streptomyces
GCF_008065095.1	2	Gemmata
GCF_008083195.1	2	Sulfurospirillum
GCF_008087625.1	2	Aquisphaera
GCF_008087665.1	2	Mariniblastus
GCF_008118345.1	1	Gluconobacter
GCF_008119665.1	1	Pigmentiphaga
GCF_008120855.1	2	Cellvibrio
GCF_008120875.1	2	Cellvibrio
GCF_008120895.1	2	Cellvibrio
GCF_008121495.1	2	Invalid_Ruminococcus
GCF_008151785.1	2	Invalid_Clostridium
GCF_008152665.1	5	Treponema
GCF_008153055.1	5	Treponema
GCF_008153345.1	5	Treponema
GCF_008244765.1	3	Bacillus
GCF_008245005.1	6	Campylobacter
GCF_008274945.1	2	Azospirillum
GCF_008274965.1	2	Azospirillum
GCF_008281175.1	2	Invalid_Clostridium
GCF_008306195.1	4	Rhodococcus
GCF_008327825.1	3	Leptotrichia
GCF_008329845.1	5	Lactobacillus
GCF_008329925.1	7	Sphaerotilus
GCF_008329945.1	5	Spirochaeta
GCF_008330965.1	2	Xanthomonas
GCF_008365355.1	2	Xanthomonas
GCF_008369625.1	10	Vibrio
GCF_008369725.1	4	Paenibacillus
GCF_008369805.1	5	Lactobacillus
GCF_008630635.1	7	Neptunomonas
GCF_008632615.1	5	Lactobacillus
GCF_008632955.1	4	Streptomyces
GCF_008639045.1	4	Streptomyces
GCF_008639165.1	4	Streptomyces
GCF_008642315.1	4	Streptomyces
GCF_008642375.1	4	Streptomyces
GCF_008693725.1	10	Streptococcus
GCF_008693785.1	8	Roseomonas
GCF_008704395.1	4	Streptomyces
GCF_008704425.1	4	Streptomyces
GCF_008704445.1	2	Streptomyces
GCF_008704475.1	1	Streptomyces
GCF_008704495.1	1	Streptomyces
GCF_008704515.1	4	Streptomyces
GCF_008704535.1	4	Streptomyces
GCF_008704555.1	1	Streptomyces
GCF_008704575.1	4	Streptomyces
GCF_008704655.1	4	Streptomyces
GCF_008704715.1	4	Streptomyces
GCF_008704795.1	1	Streptomyces
GCF_008704855.1	1	Streptomyces
GCF_008704935.1	4	Streptomyces
GCF_008704995.1	1	Streptomyces
GCF_008705135.1	4	Streptomyces
GCF_008705175.1	3	Clostridium
GCF_008728395.1	2	Bacteroides
GCF_008728655.1	4	Rhodococcus
GCF_008803015.1	9	Streptococcus
GCF_008808035.1	4	Arcobacter
GCF_008831325.1	8	Streptococcus
GCF_008831365.1	5	Streptococcus
GCF_008831385.1	6	Lactobacillus
GCF_008831445.1	2	Leptospira
GCF_008831485.1	1	Lactobacillus
GCF_008931305.1	4	Streptomyces
GCF_008931545.1	7	Enterobacter
GCF_008935055.1	4	Pseudobutyrivibrio
GCF_009017295.1	1	Salmonella
GCF_009176645.1	7	Enterobacter
GCF_009177095.1	2	Planctomycetales
GCF_009184745.1	1	Vibrio
GCF_009295845.1	9	Lactobacillus
GCF_009295885.1	5	Lactobacillus
GCF_009295905.1	1	Lactobacillus
GCF_009296025.1	1	Streptomyces
GCF_009299385.1	4	Streptomyces
GCF_009301415.1	1	Paracoccus
GCF_009362995.1	10	Delftia
GCF_009363075.1	4	Paenibacillus
GCF_009363095.1	4	Paenibacillus
GCF_009363115.1	2	Paenibacillus
GCF_009363155.1	1	Azotobacter
GCF_009372195.1	3	Nostoc
GCF_009387815.1	1	Klebsiella
GCF_009498035.1	4	Saccharothrix
GCF_009498235.1	9	Candidatus_Methylospira
GCF_009648775.1	1	Salmonella
GCF_009649955.1	6	Heliorestis
GCF_009650015.1	1	Lactobacillus
GCF_009650215.1	4	Iamiaceae
GCF_009650255.1	10	Streptococcus
GCF_009664085.1	8	Thermochromatium
GCF_009664345.1	2	Planctomycetales
GCF_009664365.1	4	Paenibacillus
GCF_009664875.1	5	Mycobacterium
GCF_009665235.1	7	Vibrio
GCF_009671065.1	2	Neisseria
GCF_009671205.1	4	Micromonospora
GCF_009676725.1	10	Streptococcus
GCF_009676955.1	4	Muribaculaceae
GCF_009684695.1	2	Invalid_Clostridium
GCF_009685195.1	2	Methylocystis
GCF_009688945.1	2	Desulfosarcina
GCF_009688985.1	3	Desulfosarcina
GCF_009689005.1	2	Desulfosarcina
GCF_009707765.1	2	Xanthomonas
GCF_009720125.1	8	Tetragenococcus
GCF_009720165.1	1	Leclercia
GCF_009730335.1	8	Schaalia
GCF_009730435.1	4	Gordonia
GCF_009730475.1	2	Corynebacterium
GCF_009730535.1	5	Streptococcus
GCF_009730655.1	7	Shewanella
GCF_009731445.1	2	Melissococcus
GCF_009734265.1	1	Guyparkeria
GCF_009734365.1	5	Lactobacillus
GCF_009734445.1	8	Candidatus_Syntrophocurvum
GCF_009735625.1	6	Moorella
GCF_009738105.1	5	Streptococcus
GCF_009738535.1	9	Lactobacillus
GCF_009738555.1	5	Streptococcus
GCF_009739905.1	4	Streptomyces
GCF_009758075.1	5	Streptococcus
GCF_009758095.1	2	Streptococcus
GCF_009762695.1	1	Corynebacterium
GCF_900005615.1	2	Paracoccus
GCF_900015005.1	5	Lactobacillus
GCF_900066015.1	3	Candidatus_Promineofilum
GCF_900070325.1	2	Herbinix
GCF_900086555.1	2	Neisseria
GCF_900089595.1	4	Micromonospora
GCF_900089605.1	4	Micromonospora
GCF_900090235.1	4	Micromonospora
GCF_900090265.1	2	Micromonospora
GCF_900090275.1	4	Micromonospora
GCF_900090285.1	4	Micromonospora
GCF_900090295.1	1	Micromonospora
GCF_900090305.1	4	Micromonospora
GCF_900091425.1	4	Micromonospora
GCF_900091445.1	4	Micromonospora
GCF_900091455.1	4	Micromonospora
GCF_900091495.1	4	Micromonospora
GCF_900091505.1	4	Micromonospora
GCF_900091515.1	4	Micromonospora
GCF_900091545.1	2	Micromonospora
GCF_900094325.1	2	Xanthomonas
GCF_900095075.1	2	Propionibacterium
GCF_900095135.1	6	Proteiniphilum
GCF_900095795.1	6	Petrimonas
GCF_900097105.1	2	Akkermansia
GCF_900097245.1	2	Propionibacterium
GCF_900101785.1	4	Auraticoccus
GCF_900103625.1	1	Corynebacterium
GCF_900103775.1	1	Allokutzneria
GCF_900104535.1	4	Nakamurella
GCF_900104725.1	4	Actinoplanes
GCF_900104745.1	4	Actinopolymorpha
GCF_900105025.1	1	Olsenella
GCF_900105045.1	4	Brevibacterium
GCF_900105065.1	4	Friedmanniella
GCF_900105225.1	2	Paenibacillaceae
GCF_900105385.1	4	Microlunatus
GCF_900105785.1	4	Friedmanniella
GCF_900105855.1	4	Amycolatopsis
GCF_900105865.1	1	Arcanobacterium
GCF_900105885.1	1	Pseudomonas
GCF_900105925.1	4	Jiangella
GCF_900105995.1	3	Pseudomonas
GCF_900106055.1	2	Schaalia
GCF_900120165.1	1	Ezakiella
GCF_900120235.1	6	Invalid_Clostridium
GCF_900120245.1	2	Actinomyces
GCF_900120345.1	5	Lachnoclostridium
GCF_900128415.1	1	Anaerococcus
GCF_900142435.1	3	Thermocrinis
GCF_900142895.1	1	Halomonas
GCF_900142975.1	2	Salegentibacter
GCF_900176595.1	6	Aquiflexum
GCF_900183405.1	5	Lactobacillus
GCF_900183975.1	7	Xanthomonas
GCF_900183995.1	7	Xanthomonas
GCF_900186835.1	7	Pasteurella
GCF_900186885.1	3	Veillonella
GCF_900186975.1	1	Cutibacterium
GCF_900187035.1	3	Megamonas
GCF_900187045.1	1	Dermatophilus
GCF_900187085.1	10	Streptococcus
GCF_900187165.1	6	Clostridium
GCF_900187175.1	6	Odoribacter
GCF_900187215.1	6	Corynebacterium
GCF_900187235.1	1	Corynebacterium
GCF_900187265.1	4	Rhodococcus
GCF_900187285.1	5	Veillonella
GCF_900187295.1	2	Corynebacterium
GCF_900187305.1	2	Neisseria
GCF_900199375.1	2	Gordonibacter
GCF_900209925.1	2	Invalid_Eubacterium
GCF_900230115.1	3	Cytophagales
GCF_900232105.1	3	Candidatus_Kuenenia
GCF_900236475.1	1	Streptomyces
GCF_900236505.1	1	Streptomyces
GCF_900258445.1	1	Lactococcus
GCF_900258455.1	5	Lactobacillus
GCF_900324475.1	7	Enterobacter
GCF_900343145.1	2	Tessaracoccus
GCF_900474945.1	10	Streptococcus
GCF_900474955.1	10	Streptococcus
GCF_900475015.1	5	Streptococcus
GCF_900475065.1	5	Streptococcus
GCF_900475095.1	10	Streptococcus
GCF_900475275.1	5	Streptococcus
GCF_900475365.1	1	Streptococcus
GCF_900475375.1	4	Elizabethkingia
GCF_900475595.1	5	Streptococcus
GCF_900475655.1	1	Corynebacterium
GCF_900475675.1	5	Streptococcus
GCF_900475695.1	5	Streptococcus
GCF_900475915.1	1	Arcanobacterium
GCF_900475935.1	3	Campylobacter
GCF_900476035.1	5	Aggregatibacter
GCF_900476255.1	2	Porphyromonas
GCF_900477945.1	5	Haemophilus
GCF_900477975.1	1	Corynebacterium
GCF_900478025.1	5	Streptococcus
GCF_900478035.1	1	Corynebacterium
GCF_900478115.1	4	Rhodococcus
GCF_900478135.1	1	Leminorella
GCF_900478185.1	10	Streptococcus
GCF_900478265.1	2	Aggregatibacter
GCF_900478315.1	2	Fusobacterium
GCF_900492165.1	5	Streptococcus
GCF_900492555.1	10	Lactobacillus
GCF_900519125.1	4	Paenibacillus
GCF_900537995.1	5	Roseburia
GCF_900603025.1	6	Mycolicibacterium
GCF_900604845.1	8	Thermus
GCF_900610365.1	1	Lawsonella
GCF_900635135.1	1	Shimwellia
GCF_900635155.1	5	Streptococcus
GCF_900635345.1	10	Streptococcus
GCF_900635495.1	1	Atlantibacter
GCF_900635935.1	5	Streptococcus
GCF_900636035.1	1	Shimwellia
GCF_900636325.1	5	Staphylococcus
GCF_900636475.1	5	Streptococcus
GCF_900636525.1	5	Streptococcus
GCF_900636565.1	5	Streptococcus
GCF_900636575.1	10	Streptococcus
GCF_900636665.1	5	Shewanella
GCF_900636765.1	2	Neisseria
GCF_900636915.1	2	Aggregatibacter
GCF_900636945.1	2	Bacillus
GCF_900637055.1	4	Brevibacillus
GCF_900637075.1	10	Streptococcus
GCF_900637105.1	7	Moraxella
GCF_900637125.1	2	Taylorella
GCF_900637165.1	2	Actinomyces
GCF_900637175.1	2	Bifidobacterium
GCF_900637185.1	4	Nocardia
GCF_900637225.1	2	Actinomyces
GCF_900637275.1	5	Invalid_Pasteurella
GCF_900637295.1	1	Actinomyces
GCF_900637305.1	10	Cardiobacterium
GCF_900637495.1	7	Legionella
GCF_900637515.1	5	Veillonella
GCF_900637555.1	1	Lautropia
GCF_900637565.1	1	Corynebacterium
GCF_900637605.1	1	Corynebacterium
GCF_900637625.1	1	Gardnerella
GCF_900637695.1	1	Cellulomonas
GCF_900637705.1	2	Fusobacterium
GCF_900637725.1	6	Pseudopropionibacterium
GCF_900637745.1	5	Listeria
GCF_900637815.1	1	Corynebacterium
GCF_900637855.1	2	Neisseria
GCF_900637915.1	6	Propionibacterium
GCF_900637925.1	1	Acidipropionibacterium
GCF_900637935.1	2	Kurthia
GCF_900637955.1	1	Trueperella
GCF_900637965.1	1	Serratia
GCF_900637975.1	1	Actinomyces
GCF_900638055.1	5	Gemella
GCF_900638215.1	1	Nocardiopsis
GCF_900638255.1	1	Corynebacterium
GCF_900638305.1	3	Porphyromonas
GCF_900638345.1	2	Neisseria
GCF_900638355.1	3	Helicobacter
GCF_900638535.1	8	Rothia
GCF_900638565.1	8	Peptoniphilus
GCF_900638585.1	10	Peptoniphilus
GCF_900638645.1	6	Pseudopropionibacterium
GCF_900638655.1	7	Pragia
GCF_900638685.1	2	Neisseria
GCF_900683635.1	4	Nocardia
GCF_900683735.1	2	Fusobacterium
GCF_900683755.1	6	Ruthenibacterium
GCF_900683775.1	2	Eubacterium
GCF_901472405.1	2	Serratia
GCF_901482445.1	2	Neisseria
GCF_901521425.1	5	Streptococcus
GCF_901542335.1	2	Streptococcus
GCF_901542365.1	5	Streptococcus
GCF_901543175.1	1	Streptococcus
GCF_901543415.1	5	Streptococcus
GCF_901543605.1	5	Streptococcus
GCF_902381645.1	5	Fusobacterium
GCF_902381675.1	2	Ruminococcus
GCF_902381715.1	5	Acidaminococcus
GCF_902381755.1	1	Bifidobacterium
GCF_902381815.1	6	Campylobacter
GCF_902385735.1	6	Campylobacter
GCF_902385935.1	2	Bifidobacterium
GCF_902386045.1	2	Clostridiales
GCF_902386185.1	2	Gordonibacter
GCF_902386615.1	1	Leminorella
GCF_902386655.1	5	Lactobacillus
GCF_902386925.1	10	Arabia
GCF_902386945.1	4	Paenibacillus
GCF_902387115.1	10	Clostridiales
GCF_902387545.1	2	Bacteroides
GCF_902387715.1	2	Lachnospiraceae
GCF_902387945.1	5	Lachnoanaerobaculum
GCF_902387955.1	2	Roseburia
GCF_902387975.1	1	Pluralibacter
GCF_902388025.1	6	Anaerostipes
